,date,txn_count
0,2012-04-11,72
1,2012-04-12,239
2,2012-04-13,262
3,2012-04-14,193
4,2012-04-15,191
5,2012-04-16,211
6,2012-04-17,207
7,2012-04-18,198
8,2012-04-19,210
9,2012-04-20,227
10,2012-04-21,209
11,2012-04-22,200
12,2012-04-23,212
13,2012-04-24,205
14,2012-04-25,199
15,2012-04-26,190
16,2012-04-27,265
17,2012-04-28,201
18,2012-04-29,254
19,2012-04-30,262
20,2012-05-01,235
21,2012-05-02,200
22,2012-05-03,183
23,2012-05-04,197
24,2012-05-05,181
25,2012-05-06,169
26,2012-05-07,192
27,2012-05-08,190
28,2012-05-09,219
29,2012-05-10,220
30,2012-05-11,201
31,2012-05-12,179
32,2012-05-13,127
33,2012-05-14,195
34,2012-05-15,223
35,2012-05-16,182
36,2012-05-17,162
37,2012-05-18,180
38,2012-05-19,156
39,2012-05-20,145
40,2012-05-21,176
41,2012-05-22,211
42,2012-05-23,189
43,2012-05-24,190
44,2012-05-25,206
45,2012-05-26,163
46,2012-05-27,150
47,2012-05-28,151
48,2012-05-29,208
49,2012-05-30,190
50,2012-05-31,210
51,2012-06-01,308
52,2012-06-02,187
53,2012-06-03,185
54,2012-06-04,227
55,2012-06-05,284
56,2012-06-06,276
57,2012-06-07,190
58,2012-06-08,197
59,2012-06-09,189
60,2012-06-10,185
61,2012-06-11,187
62,2012-06-12,194
63,2012-06-13,185
64,2012-06-14,194
65,2012-06-15,227
66,2012-06-16,170
67,2012-06-17,179
68,2012-06-18,228
69,2012-06-19,214
70,2012-06-20,177
71,2012-06-21,204
72,2012-06-22,190
73,2012-06-23,168
74,2012-06-24,164
75,2012-06-25,199
76,2012-06-26,191
77,2012-06-27,186
78,2012-06-28,194
79,2012-06-29,234
80,2012-06-30,228
81,2012-07-01,237
82,2012-07-02,261
83,2012-07-03,237
84,2012-07-04,193
85,2012-07-05,216
86,2012-07-06,228
87,2012-07-07,193
88,2012-07-08,186
89,2012-07-09,247
90,2012-07-10,181
91,2012-07-11,230
92,2012-07-12,214
93,2012-07-13,186
94,2012-07-14,208
95,2012-07-15,207
96,2012-07-16,248
97,2012-07-17,212
98,2012-07-18,215
99,2012-07-19,217
100,2012-07-20,233
101,2012-07-21,265
102,2012-07-22,237
103,2012-07-23,289
104,2012-07-24,238
105,2012-07-25,196
106,2012-07-26,250
107,2012-07-27,252
108,2012-07-28,213
109,2012-07-29,249
110,2012-07-30,272
111,2012-07-31,318
112,2012-08-01,345
113,2012-08-02,300
114,2012-08-03,306
115,2012-08-04,257
116,2012-08-05,270
117,2012-08-06,300
118,2012-08-07,228
119,2012-08-08,319
120,2012-08-09,230
121,2012-08-10,312
122,2012-08-11,250
123,2012-08-12,239
124,2012-08-13,262
125,2012-08-14,234
126,2012-08-15,286
127,2012-08-16,313
128,2012-08-17,313
129,2012-08-18,263
130,2012-08-19,295
131,2012-08-20,290
132,2012-08-21,285
133,2012-08-22,309
134,2012-08-23,266
135,2012-08-24,293
136,2012-08-25,297
137,2012-08-26,355
138,2012-08-27,370
139,2012-08-28,365
140,2012-08-29,387
141,2012-08-30,355
142,2012-08-31,446
143,2012-09-01,447
144,2012-09-02,367
145,2012-09-03,463
146,2012-09-04,518
147,2012-09-05,453
148,2012-09-06,426
149,2012-09-07,407
150,2012-09-08,416
151,2012-09-09,378
152,2012-09-10,382
153,2012-09-11,356
154,2012-09-12,352
155,2012-09-13,377
156,2012-09-14,415
157,2012-09-15,367
158,2012-09-16,437
159,2012-09-17,450
160,2012-09-18,389
161,2012-09-19,396
162,2012-09-20,381
163,2012-09-21,365
164,2012-09-22,391
165,2012-09-23,428
166,2012-09-24,477
167,2012-09-25,449
168,2012-09-26,394
169,2012-09-27,430
170,2012-09-28,535
171,2012-09-29,433
172,2012-09-30,512
173,2012-10-01,579
174,2012-10-02,522
175,2012-10-03,489
176,2012-10-04,358
177,2012-10-05,488
178,2012-10-06,501
179,2012-10-07,496
180,2012-10-08,435
181,2012-10-09,474
182,2012-10-10,450
183,2012-10-11,496
184,2012-10-12,499
185,2012-10-13,444
186,2012-10-14,521
187,2012-10-15,549
188,2012-10-16,475
189,2012-10-17,409
190,2012-10-18,452
191,2012-10-19,495
192,2012-10-20,457
193,2012-10-21,562
194,2012-10-22,499
195,2012-10-23,494
196,2012-10-24,494
197,2012-10-25,538
198,2012-10-26,580
199,2012-10-27,526
200,2012-10-28,635
201,2012-10-29,561
202,2012-10-30,485
203,2012-10-31,619
204,2012-11-01,641
205,2012-11-02,681
206,2012-11-03,637
207,2012-11-04,678
208,2012-11-05,668
209,2012-11-06,579
210,2012-11-07,556
211,2012-11-08,549
212,2012-11-09,624
213,2012-11-10,615
214,2012-11-11,650
215,2012-11-12,646
216,2012-11-13,477
217,2012-11-14,540
218,2012-11-15,641
219,2012-11-16,650
220,2012-11-17,656
221,2012-11-18,591
222,2012-11-19,682
223,2012-11-20,600
224,2012-11-21,465
225,2012-11-22,316
226,2012-11-23,308
227,2012-11-24,458
228,2012-11-25,438
229,2012-11-26,619
230,2012-11-27,640
231,2012-11-28,634
232,2012-11-29,652
233,2012-11-30,802
234,2012-12-01,784
235,2012-12-02,779
236,2012-12-03,857
237,2012-12-04,732
238,2012-12-05,675
239,2012-12-06,612
240,2012-12-07,798
241,2012-12-08,785
242,2012-12-09,865
243,2012-12-10,781
244,2012-12-11,699
245,2012-12-12,607
246,2012-12-13,687
247,2012-12-14,801
248,2012-12-15,725
249,2012-12-16,798
250,2012-12-17,930
251,2012-12-18,793
252,2012-12-19,724
253,2012-12-20,665
254,2012-12-21,756
255,2012-12-22,539
256,2012-12-23,459
257,2012-12-24,517
258,2012-12-25,273
259,2012-12-26,449
260,2012-12-27,521
261,2012-12-28,633
262,2012-12-29,641
263,2012-12-30,649
264,2012-12-31,779
265,2013-01-01,837
266,2013-01-02,1093
267,2013-01-03,959
268,2013-01-04,870
269,2013-01-05,844
270,2013-01-06,944
271,2013-01-07,859
272,2013-01-08,854
273,2013-01-09,736
274,2013-01-10,725
275,2013-01-11,852
276,2013-01-12,910
277,2013-01-13,1005
278,2013-01-14,968
279,2013-01-15,847
280,2013-01-16,811
281,2013-01-17,734
282,2013-01-18,865
283,2013-01-19,826
284,2013-01-20,1121
285,2013-01-21,982
286,2013-01-22,886
287,2013-01-23,817
288,2013-01-24,735
289,2013-01-25,944
290,2013-01-26,907
291,2013-01-27,950
292,2013-01-28,1017
293,2013-01-29,797
294,2013-01-30,828
295,2013-01-31,1047
296,2013-02-01,1193
297,2013-02-02,1123
298,2013-02-03,1348
299,2013-02-04,1287
300,2013-02-05,1007
301,2013-02-06,986
302,2013-02-07,1008
303,2013-02-08,1133
304,2013-02-09,1068
305,2013-02-10,1193
306,2013-02-11,1176
307,2013-02-12,1057
308,2013-02-13,1039
309,2013-02-14,1057
310,2013-02-15,1201
311,2013-02-16,1068
312,2013-02-17,1177
313,2013-02-18,1150
314,2013-02-19,1179
315,2013-02-20,1181
316,2013-02-21,1145
317,2013-02-22,1213
318,2013-02-23,1286
319,2013-02-24,1320
320,2013-02-25,1385
321,2013-02-26,1246
322,2013-02-27,1261
323,2013-02-28,1408
324,2013-03-01,1601
325,2013-03-02,1334
326,2013-03-03,1426
327,2013-03-04,1420
328,2013-03-05,1193
329,2013-03-06,1123
330,2013-03-07,1126
331,2013-03-08,1294
332,2013-03-09,1141
333,2013-03-10,1295
334,2013-03-11,1378
335,2013-03-12,1109
336,2013-03-13,1104
337,2013-03-14,1202
338,2013-03-15,1408
339,2013-03-16,1385
340,2013-03-17,1393
341,2013-03-18,1560
342,2013-03-19,1538
343,2013-03-20,1626
344,2013-03-21,1955
345,2013-03-22,1563
346,2013-03-23,1421
347,2013-03-24,1373
348,2013-03-25,1423
349,2013-03-26,1302
350,2013-03-27,1306
351,2013-03-28,1413
352,2013-03-29,1680
353,2013-03-30,1440
354,2013-03-31,1502
355,2013-04-01,1928
356,2013-04-02,1796
357,2013-04-03,1692
358,2013-04-04,1542
359,2013-04-05,1702
360,2013-04-06,1590
361,2013-04-07,1623
362,2013-04-08,1796
363,2013-04-09,1858
364,2013-04-10,1881
365,2013-04-11,1787
366,2013-04-12,1623
367,2013-04-13,1552
368,2013-04-14,1643
369,2013-04-15,1723
370,2013-04-16,1709
371,2013-04-17,1513
372,2013-04-18,1632
373,2013-04-19,1714
374,2013-04-20,1833
375,2013-04-21,1777
376,2013-04-22,1779
377,2013-04-23,1774
378,2013-04-24,1707
379,2013-04-25,1811
380,2013-04-26,1906
381,2013-04-27,1778
382,2013-04-28,2000
383,2013-04-29,2134
384,2013-04-30,2041
385,2013-05-01,2249
386,2013-05-02,1975
387,2013-05-03,2158
388,2013-05-04,2100
389,2013-05-05,2218
390,2013-05-06,2162
391,2013-05-07,2085
392,2013-05-08,2034
393,2013-05-09,2017
394,2013-05-10,2008
395,2013-05-11,2005
396,2013-05-12,1766
397,2013-05-13,1893
398,2013-05-14,1839
399,2013-05-15,1960
400,2013-05-16,1850
401,2013-05-17,1993
402,2013-05-18,1852
403,2013-05-19,1876
404,2013-05-20,2013
405,2013-05-21,2074
406,2013-05-22,1777
407,2013-05-23,1871
408,2013-05-24,2023
409,2013-05-25,1809
410,2013-05-26,1924
411,2013-05-27,2007
412,2013-05-28,2283
413,2013-05-29,2267
414,2013-05-30,2083
415,2013-05-31,2598
416,2013-06-01,2320
417,2013-06-02,2276
418,2013-06-03,2441
419,2013-06-04,2176
420,2013-06-05,2067
421,2013-06-06,1884
422,2013-06-07,2101
423,2013-06-08,2152
424,2013-06-09,2237
425,2013-06-10,2280
426,2013-06-11,1959
427,2013-06-12,2031
428,2013-06-13,1998
429,2013-06-14,2403
430,2013-06-15,2189
431,2013-06-16,2115
432,2013-06-17,2348
433,2013-06-18,2150
434,2013-06-19,2094
435,2013-06-20,1889
436,2013-06-21,2249
437,2013-06-22,2097
438,2013-06-23,2232
439,2013-06-24,2255
440,2013-06-25,2177
441,2013-06-26,2237
442,2013-06-27,2046
443,2013-06-28,2644
444,2013-06-29,2342
445,2013-06-30,2536
446,2013-07-01,3207
447,2013-07-02,2740
448,2013-07-03,2579
449,2013-07-04,2189
450,2013-07-05,2261
451,2013-07-06,2326
452,2013-07-07,2612
453,2013-07-08,2791
454,2013-07-09,2455
455,2013-07-10,2505
456,2013-07-11,2237
457,2013-07-12,2748
458,2013-07-13,2645
459,2013-07-14,2805
460,2013-07-15,3052
461,2013-07-16,2547
462,2013-07-17,2469
463,2013-07-18,2385
464,2013-07-19,2840
465,2013-07-20,2818
466,2013-07-21,2876
467,2013-07-22,2925
468,2013-07-23,2628
469,2013-07-24,2497
470,2013-07-25,2585
471,2013-07-26,2887
472,2013-07-27,2834
473,2013-07-28,3101
474,2013-07-29,3131
475,2013-07-30,2811
476,2013-07-31,3257
477,2013-08-01,3499
478,2013-08-02,3564
479,2013-08-03,3142
480,2013-08-04,3253
481,2013-08-05,3301
482,2013-08-06,3071
483,2013-08-07,2975
484,2013-08-08,2885
485,2013-08-09,3401
486,2013-08-10,3306
487,2013-08-11,3279
488,2013-08-12,3522
489,2013-08-13,3258
490,2013-08-14,3013
491,2013-08-15,3723
492,2013-08-16,3579
493,2013-08-17,3326
494,2013-08-18,3562
495,2013-08-19,3813
496,2013-08-20,3695
497,2013-08-21,3496
498,2013-08-22,3484
499,2013-08-23,4264
500,2013-08-24,4038
501,2013-08-25,4259
502,2013-08-26,4577
503,2013-08-27,4386
504,2013-08-28,4367
505,2013-08-29,4551
506,2013-08-30,5408
507,2013-08-31,4682
508,2013-09-01,4706
509,2013-09-02,5207
510,2013-09-03,5880
511,2013-09-04,5310
512,2013-09-05,5132
513,2013-09-06,4985
514,2013-09-07,5082
515,2013-09-08,5227
516,2013-09-09,4982
517,2013-09-10,4541
518,2013-09-11,4101
519,2013-09-12,4138
520,2013-09-13,5371
521,2013-09-14,4979
522,2013-09-15,5527
523,2013-09-16,5315
524,2013-09-17,4811
525,2013-09-18,4477
526,2013-09-19,4599
527,2013-09-20,5309
528,2013-09-21,5467
529,2013-09-22,5948
530,2013-09-23,5385
531,2013-09-24,4912
532,2013-09-25,4774
533,2013-09-26,4929
534,2013-09-27,5680
535,2013-09-28,5797
536,2013-09-29,6085
537,2013-09-30,7079
538,2013-10-01,6503
539,2013-10-02,5984
540,2013-10-03,5592
541,2013-10-04,6074
542,2013-10-05,6197
543,2013-10-06,6456
544,2013-10-07,6061
545,2013-10-08,5654
546,2013-10-09,3027
547,2013-10-10,6048
548,2013-10-11,5866
549,2013-10-12,6139
550,2013-10-13,6311
551,2013-10-14,6239
552,2013-10-15,5841
553,2013-10-16,5759
554,2013-10-17,5530
555,2013-10-18,6318
556,2013-10-19,6479
557,2013-10-20,6672
558,2013-10-21,6364
559,2013-10-22,5854
560,2013-10-23,5615
561,2013-10-24,5654
562,2013-10-25,6484
563,2013-10-26,6853
564,2013-10-27,7443
565,2013-10-28,7251
566,2013-10-29,6571
567,2013-10-30,6361
568,2013-10-31,7405
569,2013-11-01,8589
570,2013-11-02,8156
571,2013-11-03,8398
572,2013-11-04,7888
573,2013-11-05,6856
574,2013-11-06,6280
575,2013-11-07,6156
576,2013-11-08,7470
577,2013-11-09,7564
578,2013-11-10,8266
579,2013-11-11,7486
580,2013-11-12,6593
581,2013-11-13,6290
582,2013-11-14,6263
583,2013-11-15,8166
584,2013-11-16,8658
585,2013-11-17,9207
586,2013-11-18,8235
587,2013-11-19,7119
588,2013-11-20,6886
589,2013-11-21,9260
590,2013-11-22,8381
591,2013-11-23,8958
592,2013-11-24,9142
593,2013-11-25,8312
594,2013-11-26,7651
595,2013-11-27,6982
596,2013-11-28,4173
597,2013-11-29,4471
598,2013-11-30,5913
599,2013-12-01,7048
600,2013-12-02,9438
601,2013-12-03,8971
602,2013-12-04,7968
603,2013-12-05,7746
604,2013-12-06,8165
605,2013-12-07,9133
606,2013-12-08,9802
607,2013-12-09,9446
608,2013-12-10,8322
609,2013-12-11,7968
610,2013-12-12,7859
611,2013-12-13,9497
612,2013-12-14,9735
613,2013-12-15,10000
614,2013-12-16,9432
615,2013-12-17,8581
616,2013-12-18,8347
617,2013-12-19,7916
618,2013-12-20,8427
619,2013-12-21,7770
620,2013-12-22,6580
621,2013-12-23,6711
622,2013-12-24,6331
623,2013-12-25,3163
624,2013-12-26,4912
625,2013-12-27,6780
626,2013-12-28,6093
627,2013-12-29,6528
628,2013-12-30,8295
629,2013-12-31,9646
630,2014-01-01,8983
631,2014-01-02,10556
632,2014-01-03,9805
633,2014-01-04,9003
634,2014-01-05,9769
635,2014-01-06,9353
636,2014-01-07,8945
637,2014-01-08,7810
638,2014-01-09,7959
639,2014-01-10,9052
640,2014-01-11,10092
641,2014-01-12,11550
642,2014-01-13,10091
643,2014-01-14,8651
644,2014-01-15,9794
645,2014-01-16,9079
646,2014-01-17,10184
647,2014-01-18,12323
648,2014-01-19,13019
649,2014-01-20,12532
650,2014-01-21,10866
651,2014-01-22,9841
652,2014-01-23,9686
653,2014-01-24,11167
654,2014-01-25,12230
655,2014-01-26,13629
656,2014-01-27,12285
657,2014-01-28,10857
658,2014-01-29,10719
659,2014-01-30,10995
660,2014-01-31,14759
661,2014-02-01,15374
662,2014-02-02,18409
663,2014-02-03,17004
664,2014-02-04,12335
665,2014-02-05,11174
666,2014-02-06,11054
667,2014-02-07,12871
668,2014-02-08,14454
669,2014-02-09,15332
670,2014-02-10,12866
671,2014-02-11,11298
672,2014-02-12,11282
673,2014-02-13,11782
674,2014-02-14,14566
675,2014-02-15,13402
676,2014-02-16,15069
677,2014-02-17,14334
678,2014-02-18,12886
679,2014-02-19,12200
680,2014-02-20,12334
681,2014-02-21,14313
682,2014-02-22,15405
683,2014-02-23,16224
684,2014-02-24,14660
685,2014-02-25,12986
686,2014-02-26,13149
687,2014-02-27,13736
688,2014-02-28,17597
689,2014-03-01,18463
690,2014-03-02,18667
691,2014-03-03,17564
692,2014-03-04,14982
693,2014-03-05,14183
694,2014-03-06,13481
695,2014-03-07,15737
696,2014-03-08,16414
697,2014-03-09,17288
698,2014-03-10,15378
699,2014-03-11,13507
700,2014-03-12,13274
701,2014-03-13,13068
702,2014-03-14,17018
703,2014-03-15,16952
704,2014-03-16,17839
705,2014-03-17,17670
706,2014-03-18,17327
707,2014-03-19,18600
708,2014-03-20,22350
709,2014-03-21,18031
710,2014-03-22,18290
711,2014-03-23,18494
712,2014-03-24,17077
713,2014-03-25,15576
714,2014-03-26,15578
715,2014-03-27,16267
716,2014-03-28,18738
717,2014-03-29,19745
718,2014-03-30,20747
719,2014-03-31,21473
720,2014-04-01,20296
721,2014-04-02,19062
722,2014-04-03,18259
723,2014-04-04,20012
724,2014-04-05,20818
725,2014-04-06,21516
726,2014-04-07,20854
727,2014-04-08,20395
728,2014-04-09,19244
729,2014-04-10,19735
730,2014-04-11,20528
731,2014-04-12,19274
732,2014-04-13,20219
733,2014-04-14,18873
734,2014-04-15,20322
735,2014-04-16,18905
736,2014-04-17,18699
737,2014-04-18,20007
738,2014-04-19,19066
739,2014-04-20,17321
740,2014-04-21,18352
741,2014-04-22,18542
742,2014-04-23,18011
743,2014-04-24,18186
744,2014-04-25,21739
745,2014-04-26,21860
746,2014-04-27,22582
747,2014-04-28,21738
748,2014-04-29,21284
749,2014-04-30,22816
750,2014-05-01,24147
751,2014-05-02,25018
752,2014-05-03,24986
753,2014-05-04,24562
754,2014-05-05,23728
755,2014-05-06,21804
756,2014-05-07,20599
757,2014-05-08,20487
758,2014-05-09,22434
759,2014-05-10,23159
760,2014-05-11,20934
761,2014-05-12,20541
762,2014-05-13,20466
763,2014-05-14,20613
764,2014-05-15,22721
765,2014-05-16,23951
766,2014-05-17,22546
767,2014-05-18,22383
768,2014-05-19,21508
769,2014-05-20,20673
770,2014-05-21,19773
771,2014-05-22,20034
772,2014-05-23,22176
773,2014-05-24,20371
774,2014-05-25,19327
775,2014-05-26,22431
776,2014-05-27,22884
777,2014-05-28,20886
778,2014-05-29,20770
779,2014-05-30,25256
780,2014-05-31,24128
781,2014-06-01,25111
782,2014-06-02,24934
783,2014-06-03,22152
784,2014-06-04,20671
785,2014-06-05,20707
786,2014-06-06,22735
787,2014-06-07,23494
788,2014-06-08,24380
789,2014-06-09,22075
790,2014-06-10,20663
791,2014-06-11,20578
792,2014-06-12,21428
793,2014-06-13,24615
794,2014-06-14,23568
795,2014-06-15,22325
796,2014-06-16,21609
797,2014-06-17,20979
798,2014-06-18,19917
799,2014-06-19,19594
800,2014-06-20,21826
801,2014-06-21,23004
802,2014-06-22,24039
803,2014-06-23,23301
804,2014-06-24,20497
805,2014-06-25,20199
806,2014-06-26,20218
807,2014-06-27,23460
808,2014-06-28,24898
809,2014-06-29,25800
810,2014-06-30,27531
811,2014-07-01,26017
812,2014-07-02,24715
813,2014-07-03,25151
814,2014-07-04,23642
815,2014-07-05,21326
816,2014-07-06,26218
817,2014-07-07,25861
818,2014-07-08,22608
819,2014-07-09,20709
820,2014-07-10,20625
821,2014-07-11,23054
822,2014-07-12,24850
823,2014-07-13,27953
824,2014-07-14,24355
825,2014-07-15,24504
826,2014-07-16,22098
827,2014-07-17,21353
828,2014-07-18,24163
829,2014-07-19,26595
830,2014-07-20,27756
831,2014-07-21,25181
832,2014-07-22,22114
833,2014-07-23,21715
834,2014-07-24,21253
835,2014-07-25,24854
836,2014-07-26,26674
837,2014-07-27,28389
838,2014-07-28,26863
839,2014-07-29,24359
840,2014-07-30,24546
841,2014-07-31,28324
842,2014-08-01,32536
843,2014-08-02,30397
844,2014-08-03,30150
845,2014-08-04,28445
846,2014-08-05,26185
847,2014-08-06,25054
848,2014-08-07,24502
849,2014-08-08,27781
850,2014-08-09,27630
851,2014-08-10,28954
852,2014-08-11,27171
853,2014-08-12,24596
854,2014-08-13,24115
855,2014-08-14,24431
856,2014-08-15,31281
857,2014-08-16,29909
858,2014-08-17,31066
859,2014-08-18,30476
860,2014-08-19,28249
861,2014-08-20,27739
862,2014-08-21,27603
863,2014-08-22,31595
864,2014-08-23,33531
865,2014-08-24,36124
866,2014-08-25,35676
867,2014-08-26,33699
868,2014-08-27,33570
869,2014-08-28,34056
870,2014-08-29,41242
871,2014-08-30,37503
872,2014-08-31,37919
873,2014-09-01,44842
874,2014-09-02,45495
875,2014-09-03,40744
876,2014-09-04,38482
877,2014-09-05,41061
878,2014-09-06,40714
879,2014-09-07,43089
880,2014-09-08,36300
881,2014-09-09,32764
882,2014-09-10,30848
883,2014-09-11,31466
884,2014-09-12,38095
885,2014-09-13,41370
886,2014-09-14,43998
887,2014-09-15,39711
888,2014-09-16,34260
889,2014-09-17,32217
890,2014-09-18,32811
891,2014-09-19,39194
892,2014-09-20,40963
893,2014-09-21,44934
894,2014-09-22,37943
895,2014-09-23,34834
896,2014-09-24,33565
897,2014-09-25,34654
898,2014-09-26,39797
899,2014-09-27,43072
900,2014-09-28,36822
901,2014-09-29,45119
902,2014-09-30,44498
903,2014-10-01,44767
904,2014-10-02,41421
905,2014-10-03,45415
906,2014-10-04,45095
907,2014-10-05,47454
908,2014-10-06,42592
909,2014-10-07,38228
910,2014-10-08,36370
911,2014-10-09,37185
912,2014-10-10,42163
913,2014-10-11,44358
914,2014-10-12,47481
915,2014-10-13,41543
916,2014-10-14,37346
917,2014-10-15,40716
918,2014-10-16,39875
919,2014-10-17,44168
920,2014-10-18,47370
921,2014-10-19,50478
922,2014-10-20,43592
923,2014-10-21,39191
924,2014-10-22,37853
925,2014-10-23,38690
926,2014-10-24,45563
927,2014-10-25,48878
928,2014-10-26,50631
929,2014-10-27,46268
930,2014-10-28,42939
931,2014-10-29,42855
932,2014-10-30,46427
933,2014-10-31,56245
934,2014-11-01,62141
935,2014-11-02,60617
936,2014-11-03,54140
937,2014-11-04,45827
938,2014-11-05,42343
939,2014-11-06,43156
940,2014-11-07,49960
941,2014-11-08,53641
942,2014-11-09,56100
943,2014-11-10,48304
944,2014-11-11,44317
945,2014-11-12,40916
946,2014-11-13,41650
947,2014-11-14,52723
948,2014-11-15,57326
949,2014-11-16,60069
950,2014-11-17,50187
951,2014-11-18,44382
952,2014-11-19,43344
953,2014-11-20,45344
954,2014-11-21,54106
955,2014-11-22,59284
956,2014-11-23,59637
957,2014-11-24,49649
958,2014-11-25,45011
959,2014-11-26,40432
960,2014-11-27,27535
961,2014-11-28,28593
962,2014-11-29,38993
963,2014-11-30,46328
964,2014-12-01,58776
965,2014-12-02,55138
966,2014-12-03,48327
967,2014-12-04,47926
968,2014-12-05,54183
969,2014-12-06,60668
970,2014-12-07,63627
971,2014-12-08,54244
972,2014-12-09,48352
973,2014-12-10,46792
974,2014-12-11,46913
975,2014-12-12,51937
976,2014-12-13,58652
977,2014-12-14,58721
978,2014-12-15,54599
979,2014-12-16,49749
980,2014-12-17,46831
981,2014-12-18,47104
982,2014-12-19,51259
983,2014-12-20,50256
984,2014-12-21,45918
985,2014-12-22,44735
986,2014-12-23,49360
987,2014-12-24,36939
988,2014-12-25,18720
989,2014-12-26,27383
990,2014-12-27,34469
991,2014-12-28,36402
992,2014-12-29,44769
993,2014-12-30,46657
994,2014-12-31,55175
995,2015-01-01,55154
996,2015-01-02,57981
997,2015-01-03,53857
998,2015-01-04,53791
999,2015-01-05,52641
1000,2015-01-06,46571
1001,2015-01-07,43626
1002,2015-01-08,43964
1003,2015-01-09,48886
1004,2015-01-10,57471
1005,2015-01-11,66134
1006,2015-01-12,53405
1007,2015-01-13,50557
1008,2015-01-14,46066
1009,2015-01-15,52240
1010,2015-01-16,58889
1011,2015-01-17,66072
1012,2015-01-18,73431
1013,2015-01-19,70819
1014,2015-01-20,58524
1015,2015-01-21,52485
1016,2015-01-22,53744
1017,2015-01-23,62748
1018,2015-01-24,72551
1019,2015-01-25,77850
1020,2015-01-26,64249
1021,2015-01-27,53597
1022,2015-01-28,55250
1023,2015-01-29,58361
1024,2015-01-30,77007
1025,2015-01-31,83600
1026,2015-02-01,107836
1027,2015-02-02,92297
1028,2015-02-03,64130
1029,2015-02-04,59653
1030,2015-02-05,58830
1031,2015-02-06,71040
1032,2015-02-07,81556
1033,2015-02-08,85212
1034,2015-02-09,67629
1035,2015-02-10,59333
1036,2015-02-11,59581
1037,2015-02-12,60120
1038,2015-02-13,75249
1039,2015-02-14,78085
1040,2015-02-15,75318
1041,2015-02-16,73868
1042,2015-02-17,64507
1043,2015-02-18,45934
1044,2015-02-19,65068
1045,2015-02-20,75452
1046,2015-02-21,84395
1047,2015-02-22,87965
1048,2015-02-23,71881
1049,2015-02-24,62046
1050,2015-02-25,63873
1051,2015-02-26,68302
1052,2015-02-27,84706
1053,2015-02-28,91434
1054,2015-03-01,96822
1055,2015-03-02,83322
1056,2015-03-03,71648
1057,2015-03-04,67893
1058,2015-03-05,70582
1059,2015-03-06,79568
1060,2015-03-07,86668
1061,2015-03-08,89054
1062,2015-03-09,73303
1063,2015-03-10,66408
1064,2015-03-11,65041
1065,2015-03-12,68871
1066,2015-03-13,84270
1067,2015-03-14,89333
1068,2015-03-15,90366
1069,2015-03-16,84183
1070,2015-03-17,80368
1071,2015-03-18,88199
1072,2015-03-19,104737
1073,2015-03-20,87844
1074,2015-03-21,90198
1075,2015-03-22,91970
1076,2015-03-23,78795
1077,2015-03-24,70635
1078,2015-03-25,70797
1079,2015-03-26,73889
1080,2015-03-27,88668
1081,2015-03-28,91898
1082,2015-03-29,97355
1083,2015-03-30,87052
1084,2015-03-31,87125
1085,2015-04-01,87595
1086,2015-04-02,84693
1087,2015-04-03,91672
1088,2015-04-04,86956
1089,2015-04-05,79442
1090,2015-04-06,82419
1091,2015-04-07,95039
1092,2015-04-08,83698
1093,2015-04-09,86189
1094,2015-04-10,92309
1095,2015-04-11,97425
1096,2015-04-12,99830
1097,2015-04-13,86636
1098,2015-04-14,81845
1099,2015-04-15,89464
1100,2015-04-16,90053
1101,2015-04-17,100677
1102,2015-04-18,104764
1103,2015-04-19,106054
1104,2015-04-20,93362
1105,2015-04-21,84694
1106,2015-04-22,82985
1107,2015-04-23,85835
1108,2015-04-24,99291
1109,2015-04-25,107075
1110,2015-04-26,107750
1111,2015-04-27,93484
1112,2015-04-28,86391
1113,2015-04-29,89237
1114,2015-04-30,100748
1115,2015-05-01,118385
1116,2015-05-02,122419
1117,2015-05-03,142550
1118,2015-05-04,107488
1119,2015-05-05,98032
1120,2015-05-06,99319
1121,2015-05-07,92824
1122,2015-05-08,101555
1123,2015-05-09,103827
1124,2015-05-10,95079
1125,2015-05-11,88528
1126,2015-05-12,86588
1127,2015-05-13,85387
1128,2015-05-14,87164
1129,2015-05-15,104984
1130,2015-05-16,103606
1131,2015-05-17,99820
1132,2015-05-18,88748
1133,2015-05-19,81620
1134,2015-05-20,82105
1135,2015-05-21,81948
1136,2015-05-22,92384
1137,2015-05-23,91092
1138,2015-05-24,88137
1139,2015-05-25,92948
1140,2015-05-26,91064
1141,2015-05-27,85090
1142,2015-05-28,85033
1143,2015-05-29,101655
1144,2015-05-30,101904
1145,2015-05-31,104973
1146,2015-06-01,101328
1147,2015-06-02,88660
1148,2015-06-03,82823
1149,2015-06-04,82575
1150,2015-06-05,94697
1151,2015-06-06,102291
1152,2015-06-07,99711
1153,2015-06-08,84670
1154,2015-06-09,76095
1155,2015-06-10,77501
1156,2015-06-11,77732
1157,2015-06-12,91604
1158,2015-06-13,98042
1159,2015-06-14,100452
1160,2015-06-15,90044
1161,2015-06-16,79875
1162,2015-06-17,83178
1163,2015-06-18,77255
1164,2015-06-19,88139
1165,2015-06-20,93065
1166,2015-06-21,88799
1167,2015-06-22,79330
1168,2015-06-23,76366
1169,2015-06-24,74792
1170,2015-06-25,77379
1171,2015-06-26,88895
1172,2015-06-27,99592
1173,2015-06-28,101487
1174,2015-06-29,91580
1175,2015-06-30,96419
1176,2015-07-01,99956
1177,2015-07-02,99823
1178,2015-07-03,100707
1179,2015-07-04,95144
1180,2015-07-05,98414
1181,2015-07-06,98990
1182,2015-07-07,84941
1183,2015-07-08,78690
1184,2015-07-09,78206
1185,2015-07-10,90275
1186,2015-07-11,99539
1187,2015-07-12,104687
1188,2015-07-13,85771
1189,2015-07-14,78142
1190,2015-07-15,88117
1191,2015-07-16,83028
1192,2015-07-17,96229
1193,2015-07-18,105038
1194,2015-07-19,108308
1195,2015-07-20,92954
1196,2015-07-21,82464
1197,2015-07-22,79746
1198,2015-07-23,80989
1199,2015-07-24,95797
1200,2015-07-25,104223
1201,2015-07-26,109559
1202,2015-07-27,95707
1203,2015-07-28,87364
1204,2015-07-29,86563
1205,2015-07-30,92115
1206,2015-07-31,119161
1207,2015-08-01,119367
1208,2015-08-02,116067
1209,2015-08-03,107425
1210,2015-08-04,94177
1211,2015-08-05,92846
1212,2015-08-06,90329
1213,2015-08-07,104315
1214,2015-08-08,106716
1215,2015-08-09,107637
1216,2015-08-10,96090
1217,2015-08-11,88392
1218,2015-08-12,87469
1219,2015-08-13,89205
1220,2015-08-14,112626
1221,2015-08-15,112615
1222,2015-08-16,115419
1223,2015-08-17,104587
1224,2015-08-18,96997
1225,2015-08-19,96223
1226,2015-08-20,98289
1227,2015-08-21,113947
1228,2015-08-22,121431
1229,2015-08-23,127324
1230,2015-08-24,115156
1231,2015-08-25,109833
1232,2015-08-26,107221
1233,2015-08-27,110118
1234,2015-08-28,133583
1235,2015-08-29,143229
1236,2015-08-30,151558
1237,2015-08-31,145249
1238,2015-09-01,141034
1239,2015-09-02,128377
1240,2015-09-03,126727
1241,2015-09-04,145129
1242,2015-09-05,142280
1243,2015-09-06,138040
1244,2015-09-07,147435
1245,2015-09-08,138299
1246,2015-09-09,127920
1247,2015-09-10,129496
1248,2015-09-11,143567
1249,2015-09-12,149250
1250,2015-09-13,154441
1251,2015-09-14,124252
1252,2015-09-15,127966
1253,2015-09-16,115766
1254,2015-09-17,117508
1255,2015-09-18,142488
1256,2015-09-19,153404
1257,2015-09-20,159127
1258,2015-09-21,130022
1259,2015-09-22,120909
1260,2015-09-23,116307
1261,2015-09-24,121695
1262,2015-09-25,146159
1263,2015-09-26,156736
1264,2015-09-27,163741
1265,2015-09-28,136567
1266,2015-09-29,128538
1267,2015-09-30,141095
1268,2015-10-01,152131
1269,2015-10-02,164762
1270,2015-10-03,169951
1271,2015-10-04,175232
1272,2015-10-05,143473
1273,2015-10-06,127231
1274,2015-10-07,122888
1275,2015-10-08,127799
1276,2015-10-09,149816
1277,2015-10-10,160949
1278,2015-10-11,164575
1279,2015-10-12,136821
1280,2015-10-13,124142
1281,2015-10-14,120268
1282,2015-10-15,138933
1283,2015-10-16,158881
1284,2015-10-17,167207
1285,2015-10-18,171279
1286,2015-10-19,140556
1287,2015-10-20,131174
1288,2015-10-21,125376
1289,2015-10-22,130639
1290,2015-10-23,155486
1291,2015-10-24,169825
1292,2015-10-25,175620
1293,2015-10-26,147297
1294,2015-10-27,136738
1295,2015-10-28,137509
1296,2015-10-29,145429
1297,2015-10-30,188796
1298,2015-10-31,201388
1299,2015-11-01,210140
1300,2015-11-02,182196
1301,2015-11-03,148024
1302,2015-11-04,137860
1303,2015-11-05,139563
1304,2015-11-06,164371
1305,2015-11-07,179048
1306,2015-11-08,182296
1307,2015-11-09,149177
1308,2015-11-10,134970
1309,2015-11-11,136490
1310,2015-11-12,139468
1311,2015-11-13,172763
1312,2015-11-14,184132
1313,2015-11-15,191268
1314,2015-11-16,156271
1315,2015-11-17,139467
1316,2015-11-18,136695
1317,2015-11-19,142958
1318,2015-11-20,173940
1319,2015-11-21,186130
1320,2015-11-22,183517
1321,2015-11-23,146463
1322,2015-11-24,136541
1323,2015-11-25,127083
1324,2015-11-26,92842
1325,2015-11-27,89824
1326,2015-11-28,132108
1327,2015-11-29,145948
1328,2015-11-30,173139
1329,2015-12-01,179390
1330,2015-12-02,158743
1331,2015-12-03,153997
1332,2015-12-04,177481
1333,2015-12-05,196343
1334,2015-12-06,198572
1335,2015-12-07,164126
1336,2015-12-08,151142
1337,2015-12-09,145296
1338,2015-12-10,147883
1339,2015-12-11,170401
1340,2015-12-12,182939
1341,2015-12-13,185605
1342,2015-12-14,154009
1343,2015-12-15,159693
1344,2015-12-16,149556
1345,2015-12-17,152139
1346,2015-12-18,167152
1347,2015-12-19,164268
1348,2015-12-20,153939
1349,2015-12-21,140663
1350,2015-12-22,138344
1351,2015-12-23,131748
1352,2015-12-24,114496
1353,2015-12-25,57465
1354,2015-12-26,75792
1355,2015-12-27,110395
1356,2015-12-28,129201
1357,2015-12-29,149598
1358,2015-12-30,148318
1359,2015-12-31,181534
1360,2016-01-01,184650
1361,2016-01-02,168552
1362,2016-01-03,169410
1363,2016-01-04,169358
1364,2016-01-05,150231
1365,2016-01-06,142371
1366,2016-01-07,141890
1367,2016-01-08,168862
1368,2016-01-09,186888
1369,2016-01-10,197750
1370,2016-01-11,166252
1371,2016-01-12,165416
1372,2016-01-13,161026
1373,2016-01-14,149472
1374,2016-01-15,182632
1375,2016-01-16,205566
1376,2016-01-17,219707
1377,2016-01-18,195981
1378,2016-01-19,165835
1379,2016-01-20,155079
1380,2016-01-21,155911
1381,2016-01-22,191649
1382,2016-01-23,205988
1383,2016-01-24,217232
1384,2016-01-25,186860
1385,2016-01-26,159489
1386,2016-01-27,156879
1387,2016-01-28,165665
1388,2016-01-29,218539
1389,2016-01-30,241180
1390,2016-01-31,247092
1391,2016-02-01,216494
1392,2016-02-02,183411
1393,2016-02-03,174818
1394,2016-02-04,177944
1395,2016-02-05,218754
1396,2016-02-06,243807
1397,2016-02-07,295448
1398,2016-02-08,246357
1399,2016-02-09,175379
1400,2016-02-10,172269
1401,2016-02-11,172860
1402,2016-02-12,218989
1403,2016-02-13,239362
1404,2016-02-14,225861
1405,2016-02-15,198701
1406,2016-02-16,179843
1407,2016-02-17,170969
1408,2016-02-18,175746
1409,2016-02-19,211648
1410,2016-02-20,244000
1411,2016-02-21,248585
1412,2016-02-22,192890
1413,2016-02-23,172640
1414,2016-02-24,173693
1415,2016-02-25,182134
1416,2016-02-26,223610
1417,2016-02-27,254493
1418,2016-02-28,262426
1419,2016-02-29,231897
1420,2016-03-01,219525
1421,2016-03-02,202837
1422,2016-03-03,201606
1423,2016-03-04,233499
1424,2016-03-05,253538
1425,2016-03-06,260561
1426,2016-03-07,196515
1427,2016-03-08,186262
1428,2016-03-09,185034
1429,2016-03-10,196060
1430,2016-03-11,226062
1431,2016-03-12,247264
1432,2016-03-13,253812
1433,2016-03-14,222532
1434,2016-03-15,231638
1435,2016-03-16,243181
1436,2016-03-17,292259
1437,2016-03-18,258375
1438,2016-03-19,258844
1439,2016-03-20,257083
1440,2016-03-21,213651
1441,2016-03-22,192545
1442,2016-03-23,194035
1443,2016-03-24,200830
1444,2016-03-25,234599
1445,2016-03-26,233384
1446,2016-03-27,204923
1447,2016-03-28,213091
1448,2016-03-29,208039
1449,2016-03-30,211115
1450,2016-03-31,241235
1451,2016-04-01,287138
1452,2016-04-02,293326
1453,2016-04-03,296491
1454,2016-04-04,249864
1455,2016-04-05,253289
1456,2016-04-06,229072
1457,2016-04-07,235149
1458,2016-04-08,266929
1459,2016-04-09,283206
1460,2016-04-10,284395
1461,2016-04-11,239209
1462,2016-04-12,213033
1463,2016-04-13,215296
1464,2016-04-14,232900
1465,2016-04-15,286861
1466,2016-04-16,290525
1467,2016-04-17,285265
1468,2016-04-18,242019
1469,2016-04-19,222974
1470,2016-04-20,230560
1471,2016-04-21,237673
1472,2016-04-22,270830
1473,2016-04-23,276951
1474,2016-04-24,276892
1475,2016-04-25,239340
1476,2016-04-26,228519
1477,2016-04-27,228800
1478,2016-04-28,241462
1479,2016-04-29,303724
1480,2016-04-30,303355
1481,2016-05-01,316542
1482,2016-05-02,278305
1483,2016-05-03,250617
1484,2016-05-04,244654
1485,2016-05-05,253415
1486,2016-05-06,297789
1487,2016-05-07,293081
1488,2016-05-08,257078
1489,2016-05-09,230319
1490,2016-05-10,226131
1491,2016-05-11,224597
1492,2016-05-12,234093
1493,2016-05-13,269473
1494,2016-05-14,267883
1495,2016-05-15,266709
1496,2016-05-16,230436
1497,2016-05-17,217234
1498,2016-05-18,209810
1499,2016-05-19,215360
1500,2016-05-20,246673
1501,2016-05-21,258124
1502,2016-05-22,252998
1503,2016-05-23,219184
1504,2016-05-24,205734
1505,2016-05-25,208117
1506,2016-05-26,213834
1507,2016-05-27,248299
1508,2016-05-28,247775
1509,2016-05-29,241636
1510,2016-05-30,246174
1511,2016-05-31,261231
1512,2016-06-01,252516
1513,2016-06-02,233035
1514,2016-06-03,257914
1515,2016-06-04,257791
1516,2016-06-05,262373
1517,2016-06-06,220437
1518,2016-06-07,198563
1519,2016-06-08,196244
1520,2016-06-09,204680
1521,2016-06-10,230477
1522,2016-06-11,259325
1523,2016-06-12,247066
1524,2016-06-13,205853
1525,2016-06-14,200088
1526,2016-06-15,218306
1527,2016-06-16,219283
1528,2016-06-17,246977
1529,2016-06-18,247782
1530,2016-06-19,232029
1531,2016-06-20,218563
1532,2016-06-21,198153
1533,2016-06-22,197551
1534,2016-06-23,198250
1535,2016-06-24,234166
1536,2016-06-25,258469
1537,2016-06-26,261050
1538,2016-06-27,223668
1539,2016-06-28,207203
1540,2016-06-29,208253
1541,2016-06-30,247964
1542,2016-07-01,296542
1543,2016-07-02,265210
1544,2016-07-03,247603
1545,2016-07-04,244128
1546,2016-07-05,249140
1547,2016-07-06,225526
1548,2016-07-07,213429
1549,2016-07-08,240700
1550,2016-07-09,263585
1551,2016-07-10,272392
1552,2016-07-11,213892
1553,2016-07-12,202805
1554,2016-07-13,196299
1555,2016-07-14,199358
1556,2016-07-15,263183
1557,2016-07-16,276480
1558,2016-07-17,278331
1559,2016-07-18,225517
1560,2016-07-19,199827
1561,2016-07-20,201574
1562,2016-07-21,208004
1563,2016-07-22,247350
1564,2016-07-23,270024
1565,2016-07-24,273358
1566,2016-07-25,233208
1567,2016-07-26,212423
1568,2016-07-27,215735
1569,2016-07-28,229266
1570,2016-07-29,290050
1571,2016-07-30,293497
1572,2016-07-31,298822
1573,2016-08-01,288486
1574,2016-08-02,248620
1575,2016-08-03,231558
1576,2016-08-04,232660
1577,2016-08-05,274453
1578,2016-08-06,277966
1579,2016-08-07,275107
1580,2016-08-08,237039
1581,2016-08-09,221806
1582,2016-08-10,216721
1583,2016-08-11,222645
1584,2016-08-12,266544
1585,2016-08-13,283128
1586,2016-08-14,287263
1587,2016-08-15,265598
1588,2016-08-16,241420
1589,2016-08-17,236710
1590,2016-08-18,242443
1591,2016-08-19,287761
1592,2016-08-20,305680
1593,2016-08-21,327934
1594,2016-08-22,277604
1595,2016-08-23,260253
1596,2016-08-24,260631
1597,2016-08-25,274909
1598,2016-08-26,328750
1599,2016-08-27,350843
1600,2016-08-28,363908
1601,2016-08-29,314611
1602,2016-08-30,298553
1603,2016-08-31,330814
1604,2016-09-01,353554
1605,2016-09-02,386021
1606,2016-09-03,374309
1607,2016-09-04,358069
1608,2016-09-05,368734
1609,2016-09-06,292915
1610,2016-09-07,339189
1611,2016-09-08,323484
1612,2016-09-09,368337
1613,2016-09-10,382220
1614,2016-09-11,388758
1615,2016-09-12,304523
1616,2016-09-13,283790
1617,2016-09-14,271893
1618,2016-09-15,311719
1619,2016-09-16,367349
1620,2016-09-17,389609
1621,2016-09-18,391927
1622,2016-09-19,311673
1623,2016-09-20,289691
1624,2016-09-21,283570
1625,2016-09-22,296101
1626,2016-09-23,365042
1627,2016-09-24,392017
1628,2016-09-25,397298
1629,2016-09-26,324333
1630,2016-09-27,295980
1631,2016-09-28,297608
1632,2016-09-29,317604
1633,2016-09-30,425014
1634,2016-10-01,446545
1635,2016-10-02,422772
1636,2016-10-03,360534
1637,2016-10-04,319918
1638,2016-10-05,308213
1639,2016-10-06,316160
1640,2016-10-07,375463
1641,2016-10-08,398509
1642,2016-10-09,398307
1643,2016-10-10,326213
1644,2016-10-11,301448
1645,2016-10-12,307004
1646,2016-10-13,309103
1647,2016-10-14,395726
1648,2016-10-15,416131
1649,2016-10-16,414113
1650,2016-10-17,338917
1651,2016-10-18,311295
1652,2016-10-19,308603
1653,2016-10-20,324440
1654,2016-10-21,393774
1655,2016-10-22,418653
1656,2016-10-23,424182
1657,2016-10-24,348370
1658,2016-10-25,328433
1659,2016-10-26,328678
1660,2016-10-27,349578
1661,2016-10-28,429430
1662,2016-10-29,469636
1663,2016-10-30,478786
1664,2016-10-31,410691
1665,2016-11-01,399164
1666,2016-11-02,355994
1667,2016-11-03,364386
1668,2016-11-04,412371
1669,2016-11-05,439800
1670,2016-11-06,425131
1671,2016-11-07,350968
1672,2016-11-08,308582
1673,2016-11-09,293202
1674,2016-11-10,341758
1675,2016-11-11,399143
1676,2016-11-12,437068
1677,2016-11-13,448476
1678,2016-11-14,360973
1679,2016-11-15,352657
1680,2016-11-16,339750
1681,2016-11-17,348840
1682,2016-11-18,416433
1683,2016-11-19,439035
1684,2016-11-20,431625
1685,2016-11-21,345064
1686,2016-11-22,318842
1687,2016-11-23,310215
1688,2016-11-24,237901
1689,2016-11-25,230764
1690,2016-11-26,321648
1691,2016-11-27,337811
1692,2016-11-28,364303
1693,2016-11-29,363806
1694,2016-11-30,383272
1695,2016-12-01,416733
1696,2016-12-02,463941
1697,2016-12-03,481487
1698,2016-12-04,475316
1699,2016-12-05,396022
1700,2016-12-06,360670
1701,2016-12-07,347408
1702,2016-12-08,358862
1703,2016-12-09,421684
1704,2016-12-10,451038
1705,2016-12-11,439906
1706,2016-12-12,377581
1707,2016-12-13,346785
1708,2016-12-14,340794
1709,2016-12-15,379459
1710,2016-12-16,412380
1711,2016-12-17,401825
1712,2016-12-18,382003
1713,2016-12-19,346425
1714,2016-12-20,345843
1715,2016-12-21,335583
1716,2016-12-22,330891
1717,2016-12-23,345491
1718,2016-12-24,269173
1719,2016-12-25,136975
1720,2016-12-26,203391
1721,2016-12-27,330843
1722,2016-12-28,319424
1723,2016-12-29,326654
1724,2016-12-30,389794
1725,2016-12-31,409214
1726,2017-01-01,414755
1727,2017-01-02,399525
1728,2017-01-03,372243
1729,2017-01-04,335351
1730,2017-01-05,322720
1731,2017-01-06,360953
1732,2017-01-07,384383
1733,2017-01-08,392219
1734,2017-01-09,350557
1735,2017-01-10,334916
1736,2017-01-11,309511
1737,2017-01-12,320933
1738,2017-01-13,405995
1739,2017-01-14,450993
1740,2017-01-15,474079
1741,2017-01-16,437367
1742,2017-01-17,366920
1743,2017-01-18,342425
1744,2017-01-19,346320
1745,2017-01-20,419888
1746,2017-01-21,485247
1747,2017-01-22,519979
1748,2017-01-23,399988
1749,2017-01-24,343097
1750,2017-01-25,349453
1751,2017-01-26,368047
1752,2017-01-27,459893
1753,2017-01-28,520235
1754,2017-01-29,524807
1755,2017-01-30,421323
1756,2017-01-31,421407
1757,2017-02-01,439480
1758,2017-02-02,430020
1759,2017-02-03,515132
1760,2017-02-04,553498
1761,2017-02-05,649060
1762,2017-02-06,532031
1763,2017-02-07,382072
1764,2017-02-08,374897
1765,2017-02-09,398137
1766,2017-02-10,486545
1767,2017-02-11,542132
1768,2017-02-12,533686
1769,2017-02-13,421076
1770,2017-02-14,376835
1771,2017-02-15,406384
1772,2017-02-16,399273
1773,2017-02-17,483846
1774,2017-02-18,532950
1775,2017-02-19,536082
1776,2017-02-20,448257
1777,2017-02-21,399454
1778,2017-02-22,393790
1779,2017-02-23,418646
1780,2017-02-24,510221
1781,2017-02-25,571624
1782,2017-02-26,568423
1783,2017-02-27,464423
1784,2017-02-28,459481
1785,2017-03-01,499629
1786,2017-03-02,479340
1787,2017-03-03,543692
1788,2017-03-04,579058
1789,2017-03-05,572936
1790,2017-03-06,462103
1791,2017-03-07,418156
1792,2017-03-08,416946
1793,2017-03-09,433472
1794,2017-03-10,517772
1795,2017-03-11,546638
1796,2017-03-12,562179
1797,2017-03-13,504766
1798,2017-03-14,487384
1799,2017-03-15,547274
1800,2017-03-16,621989
1801,2017-03-17,559214
1802,2017-03-18,597621
1803,2017-03-19,562336
1804,2017-03-20,467312
1805,2017-03-21,414331
1806,2017-03-22,418580
1807,2017-03-23,439249
1808,2017-03-24,538045
1809,2017-03-25,574189
1810,2017-03-26,570233
1811,2017-03-27,471586
1812,2017-03-28,433446
1813,2017-03-29,438807
1814,2017-03-30,473012
1815,2017-03-31,612803
1816,2017-04-01,634749
1817,2017-04-02,626344
1818,2017-04-03,535812
1819,2017-04-04,551381
1820,2017-04-05,496603
1821,2017-04-06,495497
1822,2017-04-07,566337
1823,2017-04-08,608501
1824,2017-04-09,593290
1825,2017-04-10,499855
1826,2017-04-11,444052
1827,2017-04-12,454512
1828,2017-04-13,472273
1829,2017-04-14,551944
1830,2017-04-15,521513
1831,2017-04-16,432885
1832,2017-04-17,448980
1833,2017-04-18,454940
1834,2017-04-19,467035
1835,2017-04-20,507656
1836,2017-04-21,592299
1837,2017-04-22,609101
1838,2017-04-23,590995
1839,2017-04-24,491981
1840,2017-04-25,464277
1841,2017-04-26,475020
1842,2017-04-27,504784
1843,2017-04-28,636215
1844,2017-04-29,642828
1845,2017-04-30,634020
1846,2017-05-01,596832
1847,2017-05-02,528082
1848,2017-05-03,509912
1849,2017-05-04,514454
1850,2017-05-05,609886
1851,2017-05-06,647521
1852,2017-05-07,583745
1853,2017-05-08,496584
1854,2017-05-09,461139
1855,2017-05-10,469065
1856,2017-05-11,479509
1857,2017-05-12,544164
1858,2017-05-13,547135
1859,2017-05-14,483560
1860,2017-05-15,461909
1861,2017-05-16,451142
1862,2017-05-17,445095
1863,2017-05-18,443590
1864,2017-05-19,518976
1865,2017-05-20,524638
1866,2017-05-21,507585
1867,2017-05-22,446886
1868,2017-05-23,412509
1869,2017-05-24,414926
1870,2017-05-25,434178
1871,2017-05-26,505503
1872,2017-05-27,495427
1873,2017-05-28,476704
1874,2017-05-29,479201
1875,2017-05-30,473854
1876,2017-05-31,499010
1877,2017-06-01,518713
1878,2017-06-02,568159
1879,2017-06-03,550005
1880,2017-06-04,535751
1881,2017-06-05,464249
1882,2017-06-06,419558
1883,2017-06-07,407610
1884,2017-06-08,424929
1885,2017-06-09,494269
1886,2017-06-10,534244
1887,2017-06-11,515137
1888,2017-06-12,443041
1889,2017-06-13,426056
1890,2017-06-14,413239
1891,2017-06-15,467963
1892,2017-06-16,519893
1893,2017-06-17,525077
1894,2017-06-18,477712
1895,2017-06-19,420977
1896,2017-06-20,405305
1897,2017-06-21,405830
1898,2017-06-22,418116
1899,2017-06-23,495083
1900,2017-06-24,528808
1901,2017-06-25,526834
1902,2017-06-26,448654
1903,2017-06-27,415690
1904,2017-06-28,416902
1905,2017-06-29,446932
1906,2017-06-30,586111
1907,2017-07-01,575902
1908,2017-07-02,511297
1909,2017-07-03,491738
1910,2017-07-04,491190
1911,2017-07-05,483685
1912,2017-07-06,457460
1913,2017-07-07,520665
1914,2017-07-08,536001
1915,2017-07-09,527019
1916,2017-07-10,439763
1917,2017-07-11,411861
1918,2017-07-12,401248
1919,2017-07-13,411736
1920,2017-07-14,536166
1921,2017-07-15,558855
1922,2017-07-16,551961
1923,2017-07-17,455384
1924,2017-07-18,415182
1925,2017-07-19,418222
1926,2017-07-20,438804
1927,2017-07-21,520700
1928,2017-07-22,550875
1929,2017-07-23,552637
1930,2017-07-24,456279
1931,2017-07-25,425706
1932,2017-07-26,427514
1933,2017-07-27,450947
1934,2017-07-28,544778
1935,2017-07-29,579827
1936,2017-07-30,579579
1937,2017-07-31,538295
1938,2017-08-01,537278
1939,2017-08-02,492061
1940,2017-08-03,483113
1941,2017-08-04,558958
1942,2017-08-05,563927
1943,2017-08-06,549539
1944,2017-08-07,476437
1945,2017-08-08,443261
1946,2017-08-09,444994
1947,2017-08-10,468092
1948,2017-08-11,555330
1949,2017-08-12,555599
1950,2017-08-13,545961
1951,2017-08-14,489019
1952,2017-08-15,512867
1953,2017-08-16,490021
1954,2017-08-17,498841
1955,2017-08-18,589614
1956,2017-08-19,598230
1957,2017-08-20,611195
1958,2017-08-21,523090
1959,2017-08-22,524549
1960,2017-08-23,538473
1961,2017-08-24,544408
1962,2017-08-25,656003
1963,2017-08-26,706152
1964,2017-08-27,893556
1965,2017-08-28,604176
1966,2017-08-29,571872
1967,2017-08-30,583214
1968,2017-08-31,674415
1969,2017-09-01,817486
1970,2017-09-02,743876
1971,2017-09-03,687394
1972,2017-09-04,687669
1973,2017-09-05,646671
1974,2017-09-06,613585
1975,2017-09-07,636030
1976,2017-09-08,729653
1977,2017-09-09,742467
1978,2017-09-10,733319
1979,2017-09-11,571557
1980,2017-09-12,536060
1981,2017-09-13,530648
1982,2017-09-14,554847
1983,2017-09-15,738610
1984,2017-09-16,760662
1985,2017-09-17,749874
1986,2017-09-18,588018
1987,2017-09-19,540509
1988,2017-09-20,544648
1989,2017-09-21,570327
1990,2017-09-22,705373
1991,2017-09-23,755121
1992,2017-09-24,745837
1993,2017-09-25,609634
1994,2017-09-26,563067
1995,2017-09-27,560765
1996,2017-09-28,602932
1997,2017-09-29,794197
1998,2017-09-30,806037
1999,2017-10-01,835489
2000,2017-10-02,683855
2001,2017-10-03,607853
2002,2017-10-04,587381
2003,2017-10-05,616493
2004,2017-10-06,739470
2005,2017-10-07,759841
2006,2017-10-08,746236
2007,2017-10-09,610417
2008,2017-10-10,576828
2009,2017-10-11,572557
2010,2017-10-12,598551
2011,2017-10-13,752251
2012,2017-10-14,776577
2013,2017-10-15,766639
2014,2017-10-16,638867
2015,2017-10-17,586434
2016,2017-10-18,579277
2017,2017-10-19,604652
2018,2017-10-20,744174
2019,2017-10-21,777609
2020,2017-10-22,770573
2021,2017-10-23,634228
2022,2017-10-24,594429
2023,2017-10-25,602651
2024,2017-10-26,639776
2025,2017-10-27,785001
2026,2017-10-28,833245
2027,2017-10-29,833424
2028,2017-10-30,675563
2029,2017-10-31,674227
2030,2017-11-01,727580
2031,2017-11-02,688214
2032,2017-11-03,783198
2033,2017-11-04,801433
2034,2017-11-05,768914
2035,2017-11-06,632143
2036,2017-11-07,579079
2037,2017-11-08,578225
2038,2017-11-09,625979
2039,2017-11-10,756177
2040,2017-11-11,797073
2041,2017-11-12,784299
2042,2017-11-13,629739
2043,2017-11-14,591083
2044,2017-11-15,636604
2045,2017-11-16,643564
2046,2017-11-17,766905
2047,2017-11-18,790219
2048,2017-11-19,754520
2049,2017-11-20,617959
2050,2017-11-21,585438
2051,2017-11-22,574363
2052,2017-11-23,437243
2053,2017-11-24,438596
2054,2017-11-25,590877
2055,2017-11-26,610001
2056,2017-11-27,632259
2057,2017-11-28,637349
2058,2017-11-29,606833
2059,2017-11-30,702207
2060,2017-12-01,894406
2061,2017-12-02,897261
2062,2017-12-03,855367
2063,2017-12-04,711943
2064,2017-12-05,658342
2065,2017-12-06,640101
2066,2017-12-07,662742
2067,2017-12-08,782590
2068,2017-12-09,810884
2069,2017-12-10,783305
2070,2017-12-11,671032
2071,2017-12-12,630714
2072,2017-12-13,625912
2073,2017-12-14,647704
2074,2017-12-15,791170
2075,2017-12-16,754913
2076,2017-12-17,707365
2077,2017-12-18,643973
2078,2017-12-19,626320
2079,2017-12-20,619458
2080,2017-12-21,623116
2081,2017-12-22,667007
2082,2017-12-23,589470
2083,2017-12-24,447945
2084,2017-12-25,252975
2085,2017-12-26,479063
2086,2017-12-27,558448
2087,2017-12-28,574965
2088,2017-12-29,676376
2089,2017-12-30,646971
2090,2017-12-31,661736
2091,2018-01-01,755610
2092,2018-01-02,687339
2093,2018-01-03,616287
2094,2018-01-04,569302
2095,2018-01-05,646835
2096,2018-01-06,679258
2097,2018-01-07,681775
2098,2018-01-08,581212
2099,2018-01-09,572784
2100,2018-01-10,548609
2101,2018-01-11,565783
2102,2018-01-12,709951
2103,2018-01-13,769590
2104,2018-01-14,802431
2105,2018-01-15,723832
2106,2018-01-16,628271
2107,2018-01-17,595685
2108,2018-01-18,606083
2109,2018-01-19,747597
2110,2018-01-20,839728
2111,2018-01-21,873799
2112,2018-01-22,677532
2113,2018-01-23,588606
2114,2018-01-24,595853
2115,2018-01-25,624188
2116,2018-01-26,799072
2117,2018-01-27,886045
2118,2018-01-28,887962
2119,2018-01-29,702599
2120,2018-01-30,633552
2121,2018-01-31,678418
2122,2018-02-01,745956
2123,2018-02-02,854732
2124,2018-02-03,878210
2125,2018-02-04,976315
2126,2018-02-05,792839
2127,2018-02-06,598679
2128,2018-02-07,595651
2129,2018-02-08,614679
2130,2018-02-09,770591
2131,2018-02-10,831303
2132,2018-02-11,818692
2133,2018-02-12,632634
2134,2018-02-13,591406
2135,2018-02-14,616647
2136,2018-02-15,643874
2137,2018-02-16,778883
2138,2018-02-17,825495
2139,2018-02-18,801162
2140,2018-02-19,672494
2141,2018-02-20,615262
2142,2018-02-21,616923
2143,2018-02-22,653901
2144,2018-02-23,797472
2145,2018-02-24,871093
2146,2018-02-25,858865
2147,2018-02-26,689033
2148,2018-02-27,647118
2149,2018-02-28,729109
2150,2018-03-01,794597
2151,2018-03-02,887777
2152,2018-03-03,901474
2153,2018-03-04,878239
2154,2018-03-05,723048
2155,2018-03-06,655469
2156,2018-03-07,663734
2157,2018-03-08,678160
2158,2018-03-09,820325
2159,2018-03-10,844305
2160,2018-03-11,845811
2161,2018-03-12,740568
2162,2018-03-13,716253
2163,2018-03-14,776246
2164,2018-03-15,970963
2165,2018-03-16,889907
2166,2018-03-17,914079
2167,2018-03-18,880752
2168,2018-03-19,718278
2169,2018-03-20,661731
2170,2018-03-21,659568
2171,2018-03-22,669561
2172,2018-03-23,812118
2173,2018-03-24,855561
2174,2018-03-25,833864
2175,2018-03-26,691828
2176,2018-03-27,650674
2177,2018-03-28,669220
2178,2018-03-29,713133
2179,2018-03-30,862048
2180,2018-03-31,788741
2181,2018-04-01,695820
2182,2018-04-02,751272
2183,2018-04-03,812099
2184,2018-04-04,737800
2185,2018-04-05,756832
2186,2018-04-06,874784
2187,2018-04-07,917449
2188,2018-04-08,898254
2189,2018-04-09,729936
2190,2018-04-10,670811
2191,2018-04-11,676730
2192,2018-04-12,720848
2193,2018-04-13,917480
2194,2018-04-14,941230
2195,2018-04-15,899494
2196,2018-04-16,738062
2197,2018-04-17,692900
2198,2018-04-18,698814
2199,2018-04-19,740558
2200,2018-04-20,934418
2201,2018-04-21,936735
2202,2018-04-22,875480
2203,2018-04-23,733373
2204,2018-04-24,695586
2205,2018-04-25,723313
2206,2018-04-26,765651
2207,2018-04-27,939806
2208,2018-04-28,951264
2209,2018-04-29,925416
2210,2018-04-30,841804
2211,2018-05-01,870208
2212,2018-05-02,815376
2213,2018-05-03,809961
2214,2018-05-04,939404
2215,2018-05-05,961052
2216,2018-05-06,891202
2217,2018-05-07,752977
2218,2018-05-08,711911
2219,2018-05-09,722939
2220,2018-05-10,750000
2221,2018-05-11,854072
2222,2018-05-12,819661
2223,2018-05-13,717491
2224,2018-05-14,663569
2225,2018-05-15,723351
2226,2018-05-16,691737
2227,2018-05-17,706814
2228,2018-05-18,827497
2229,2018-05-19,792566
2230,2018-05-20,765235
2231,2018-05-21,674709
2232,2018-05-22,652419
2233,2018-05-23,643122
2234,2018-05-24,679105
2235,2018-05-25,797849
2236,2018-05-26,760264
2237,2018-05-27,712018
2238,2018-05-28,707619
2239,2018-05-29,703945
2240,2018-05-30,689210
2241,2018-05-31,773339
2242,2018-06-01,943075
2243,2018-06-02,862263
2244,2018-06-03,803527
2245,2018-06-04,707824
2246,2018-06-05,664004
2247,2018-06-06,642902
2248,2018-06-07,679152
2249,2018-06-08,800817
2250,2018-06-09,817635
2251,2018-06-10,779823
2252,2018-06-11,669415
2253,2018-06-12,640080
2254,2018-06-13,653568
2255,2018-06-14,696250
2256,2018-06-15,881846
2257,2018-06-16,823824
2258,2018-06-17,728559
2259,2018-06-18,652850
2260,2018-06-19,637155
2261,2018-06-20,639479
2262,2018-06-21,635903
2263,2018-06-22,807890
2264,2018-06-23,810640
2265,2018-06-24,784302
2266,2018-06-25,674638
2267,2018-06-26,636021
2268,2018-06-27,641654
2269,2018-06-28,679067
2270,2018-06-29,882563
2271,2018-06-30,854318
2272,2018-07-01,850881
2273,2018-07-02,773978
2274,2018-07-03,733511
2275,2018-07-04,709436
2276,2018-07-05,712138
2277,2018-07-06,793326
2278,2018-07-07,784669
2279,2018-07-08,752577
2280,2018-07-09,668243
2281,2018-07-10,640975
2282,2018-07-11,631326
2283,2018-07-12,658501
2284,2018-07-13,847928
2285,2018-07-14,842175
2286,2018-07-15,840700
2287,2018-07-16,709734
2288,2018-07-17,243695
